{"accuracy": [0.5956611633300781, 0.8543993234634399], "loss": [1.3715364933013916, 0.454950749874115], "val_accuracy": [0.8458911776542664, 0.9035397171974182], "val_loss": [0.47615620493888855, 0.29778265953063965]}